,Unnamed: 0,Unnamed: 0.1,Unnamed: 0.1.1,name,insol,period,T_eff,rade,discoverymethod,semi_au,st_log_lum,masse_est,hostname,eccen,H_Tidal,H_Radio,H_Total
2,2,2,2,Kepler-1544 b,0.774586634,168.811174,248.74087430285977,1.72227027, Kepler,0.5394671456640892,-0.647,3.6132411886380713,Kepler-1544,0.0,0.0,296621685108492.44,296621685108492.44
4,4,4,4,Kepler-296 f,0.62,63.33627,212.79409226698783,1.8, Kepler,0.255,-1.569,3.894445936863472,Kepler-296,0.33,20455969561115.95,338623035609875.44,359079005170991.4
6,6,6,6,Kepler-62 f,0.509359745,267.291,223.9937041357236,1.533375, Kepler,0.7227493177182196,-0.575,2.966458883873077,Kepler-62,0.0,0.0,209336094859311.7,209336094859311.7
8,8,8,8,Kepler-1652 b,0.81,38.09722,253.92876720428856,1.6, Kepler,0.1654,-1.638,3.188594491099574,Kepler-1652,0.0,0.0,237825780839857.7,237825780839857.7
9,9,9,10,Kepler-441 b,0.241810932,207.2482,185.9296447753966,1.568436364, Kepler,0.5588072532122064,-1.122,3.0825359766590967,Kepler-441,0.1,2515201351.3118324,224026653662541.38,224029168863892.7
10,10,10,11,Kepler-1229 b,0.629999236,86.828989,236.21891068666025,1.556470588, Kepler,0.315740279272861,-1.202,3.042715323688477,Kepler-1229,0.0,0.0,218938298484992.53,218938298484992.53
