,Unnamed: 0,name,hostname,insol,period,T_eff,rade,semi_au,masse_est,eccen,st_log_lum,discoverymethod,H_Tidal,H_Radio,H_Total,distance_pc,st_mass,st_rad,st_teff,Jmag,Kmag
0,2,Kepler-1544 b,Kepler-1544,0.774586634,168.811174,248.7408743,1.72227027,0.539467146,3.613241189,0.0,-0.647, Kepler,0.0,296622000000000.0,296622000000000.0,334.8,0.735,0.716,4696.9,12.48,11.903
1,4,Kepler-296 f,Kepler-296,0.62,63.33627,212.7940923,1.8,0.255,3.894445937,0.33,-1.569, Kepler,20456000000000.0,338623000000000.0,359079000000000.0,167.0,0.5,0.48,3740.0,13.391,12.6
2,6,Kepler-62 f,Kepler-62,0.509359745,267.291,223.9937041,1.533375,0.722749318,2.966458884,0.0,-0.575, Kepler,0.0,209336000000000.0,209336000000000.0,300.0,0.705,0.696,4966.5,12.256,11.659
3,8,Kepler-1652 b,Kepler-1652,0.81,38.09722,253.9287672,1.6,0.1654,3.188594491,0.0,-1.638, Kepler,0.0,237826000000000.0,237826000000000.0,252.0,0.4,0.38,3638.0,13.454,12.635
4,9,Kepler-441 b,Kepler-441,0.241810932,207.2482,185.9296448,1.568436364,0.558807253,3.082535977,0.1,-1.122, Kepler,2515201351.0,224027000000000.0,224029000000000.0,259.4,0.542,0.526,4146.9,13.04,12.288
5,10,Kepler-1229 b,Kepler-1229,0.629999236,86.828989,236.2189107,1.556470588,0.315740279,3.042715324,0.0,-1.202, Kepler,0.0,218938000000000.0,218938000000000.0,263.6,0.557,0.567,3834.5,13.228,12.374
